[{"model": "admin.logentry", "pk": 1, "fields": {"action_time": "2023-03-30T20:19:26.261Z", "user": 1, "content_type": 10, "object_id": "2", "object_repr": "mickey", "action_flag": 1, "change_message": "[{\"added\": {}}]"}}, {"model": "admin.logentry", "pk": 2, "fields": {"action_time": "2023-03-30T20:19:36.017Z", "user": 1, "content_type": 8, "object_id": "1", "object_repr": "Groceries", "action_flag": 1, "change_message": "[{\"added\": {}}]"}}, {"model": "admin.logentry", "pk": 3, "fields": {"action_time": "2023-03-30T20:19:41.337Z", "user": 1, "content_type": 8, "object_id": "2", "object_repr": "Eating out", "action_flag": 1, "change_message": "[{\"added\": {}}]"}}, {"model": "admin.logentry", "pk": 4, "fields": {"action_time": "2023-03-30T20:19:55.226Z", "user": 1, "content_type": 8, "object_id": "3", "object_repr": "Transportation", "action_flag": 1, "change_message": "[{\"added\": {}}]"}}, {"model": "admin.logentry", "pk": 5, "fields": {"action_time": "2023-03-30T20:20:00.651Z", "user": 1, "content_type": 8, "object_id": "4", "object_repr": "Fun", "action_flag": 1, "change_message": "[{\"added\": {}}]"}}, {"model": "admin.logentry", "pk": 6, "fields": {"action_time": "2023-03-30T20:20:04.292Z", "user": 1, "content_type": 8, "object_id": "5", "object_repr": "Bills", "action_flag": 1, "change_message": "[{\"added\": {}}]"}}, {"model": "admin.logentry", "pk": 7, "fields": {"action_time": "2023-03-30T20:20:10.459Z", "user": 1, "content_type": 8, "object_id": "6", "object_repr": "Pets", "action_flag": 1, "change_message": "[{\"added\": {}}]"}}, {"model": "admin.logentry", "pk": 8, "fields": {"action_time": "2023-03-30T20:21:32.831Z", "user": 1, "content_type": 9, "object_id": "1", "object_repr": "Commissary", "action_flag": 1, "change_message": "[{\"added\": {}}]"}}, {"model": "admin.logentry", "pk": 9, "fields": {"action_time": "2023-03-30T20:22:02.856Z", "user": 1, "content_type": 9, "object_id": "2", "object_repr": "Gas", "action_flag": 1, "change_message": "[{\"added\": {}}]"}}, {"model": "admin.logentry", "pk": 10, "fields": {"action_time": "2023-03-30T20:22:21.150Z", "user": 1, "content_type": 9, "object_id": "3", "object_repr": "Lil Bean", "action_flag": 1, "change_message": "[{\"added\": {}}]"}}, {"model": "admin.logentry", "pk": 11, "fields": {"action_time": "2023-03-30T20:22:40.552Z", "user": 1, "content_type": 9, "object_id": "4", "object_repr": "Coffee", "action_flag": 1, "change_message": "[{\"added\": {}}]"}}, {"model": "admin.logentry", "pk": 12, "fields": {"action_time": "2023-03-31T00:15:39.643Z", "user": 1, "content_type": 11, "object_id": "1", "object_repr": "Groceries: 10%", "action_flag": 1, "change_message": "[{\"added\": {}}]"}}, {"model": "admin.logentry", "pk": 13, "fields": {"action_time": "2023-03-31T00:17:32.303Z", "user": 1, "content_type": 10, "object_id": "1", "object_repr": "admin", "action_flag": 2, "change_message": "[{\"changed\": {\"fields\": [\"Budget total\"]}}]"}}, {"model": "admin.logentry", "pk": 14, "fields": {"action_time": "2023-03-31T00:19:07.037Z", "user": 1, "content_type": 11, "object_id": "1", "object_repr": "Groceries: 12.5%", "action_flag": 2, "change_message": "[{\"changed\": {\"fields\": [\"Limit\"]}}]"}}, {"model": "admin.logentry", "pk": 15, "fields": {"action_time": "2023-03-31T00:19:12.527Z", "user": 1, "content_type": 11, "object_id": "1", "object_repr": "Groceries: 12.5%", "action_flag": 2, "change_message": "[]"}}, {"model": "admin.logentry", "pk": 16, "fields": {"action_time": "2023-03-31T00:19:14.251Z", "user": 1, "content_type": 11, "object_id": "1", "object_repr": "Groceries: 12.5%", "action_flag": 2, "change_message": "[]"}}, {"model": "admin.logentry", "pk": 17, "fields": {"action_time": "2023-03-31T00:19:24.276Z", "user": 1, "content_type": 11, "object_id": "2", "object_repr": "Eating out: 12.5%", "action_flag": 1, "change_message": "[{\"added\": {}}]"}}, {"model": "admin.logentry", "pk": 18, "fields": {"action_time": "2023-03-31T00:19:55.988Z", "user": 1, "content_type": 11, "object_id": "3", "object_repr": "Transportation: 3.8%", "action_flag": 1, "change_message": "[{\"added\": {}}]"}}, {"model": "admin.logentry", "pk": 19, "fields": {"action_time": "2023-03-31T00:20:16.244Z", "user": 1, "content_type": 11, "object_id": "4", "object_repr": "Fun: 20.0%", "action_flag": 1, "change_message": "[{\"added\": {}}]"}}, {"model": "admin.logentry", "pk": 20, "fields": {"action_time": "2023-03-31T00:20:41.990Z", "user": 1, "content_type": 11, "object_id": "5", "object_repr": "Bills: 20.0%", "action_flag": 1, "change_message": "[{\"added\": {}}]"}}, {"model": "admin.logentry", "pk": 21, "fields": {"action_time": "2023-03-31T00:20:50.074Z", "user": 1, "content_type": 11, "object_id": "6", "object_repr": "Pets: 2.0%", "action_flag": 1, "change_message": "[{\"added\": {}}]"}}, {"model": "admin.logentry", "pk": 22, "fields": {"action_time": "2023-03-31T00:21:00.909Z", "user": 1, "content_type": 8, "object_id": "7", "object_repr": "Lodging", "action_flag": 1, "change_message": "[{\"added\": {}}]"}}, {"model": "admin.logentry", "pk": 23, "fields": {"action_time": "2023-03-31T00:21:11.726Z", "user": 1, "content_type": 11, "object_id": "7", "object_repr": "Lodging: 50.0%", "action_flag": 1, "change_message": "[{\"added\": {}}]"}}, {"model": "admin.logentry", "pk": 24, "fields": {"action_time": "2023-03-31T00:21:27.889Z", "user": 1, "content_type": 11, "object_id": "5", "object_repr": "Bills: 5.0%", "action_flag": 2, "change_message": "[{\"changed\": {\"fields\": [\"Limit\"]}}]"}}, {"model": "admin.logentry", "pk": 25, "fields": {"action_time": "2023-03-31T00:21:43.185Z", "user": 1, "content_type": 11, "object_id": "4", "object_repr": "Fun: 15.0%", "action_flag": 2, "change_message": "[{\"changed\": {\"fields\": [\"Limit\"]}}]"}}, {"model": "admin.logentry", "pk": 26, "fields": {"action_time": "2023-03-31T00:23:14.826Z", "user": 1, "content_type": 11, "object_id": "7", "object_repr": "Lodging: 1000.0", "action_flag": 2, "change_message": "[{\"changed\": {\"fields\": [\"Limit\"]}}]"}}, {"model": "admin.logentry", "pk": 27, "fields": {"action_time": "2023-03-31T00:23:20.259Z", "user": 1, "content_type": 11, "object_id": "6", "object_repr": "Pets: 50.0", "action_flag": 2, "change_message": "[{\"changed\": {\"fields\": [\"Limit\"]}}]"}}, {"model": "admin.logentry", "pk": 28, "fields": {"action_time": "2023-03-31T00:23:27.416Z", "user": 1, "content_type": 11, "object_id": "5", "object_repr": "Bills: 200.0", "action_flag": 2, "change_message": "[{\"changed\": {\"fields\": [\"Limit\"]}}]"}}, {"model": "admin.logentry", "pk": 29, "fields": {"action_time": "2023-03-31T00:23:32.959Z", "user": 1, "content_type": 11, "object_id": "4", "object_repr": "Fun: 150.0", "action_flag": 2, "change_message": "[{\"changed\": {\"fields\": [\"Limit\"]}}]"}}, {"model": "admin.logentry", "pk": 30, "fields": {"action_time": "2023-03-31T00:23:37.905Z", "user": 1, "content_type": 11, "object_id": "3", "object_repr": "Transportation: 75.0", "action_flag": 2, "change_message": "[{\"changed\": {\"fields\": [\"Limit\"]}}]"}}, {"model": "admin.logentry", "pk": 31, "fields": {"action_time": "2023-03-31T00:23:43.155Z", "user": 1, "content_type": 11, "object_id": "2", "object_repr": "Eating out: 250.0", "action_flag": 2, "change_message": "[{\"changed\": {\"fields\": [\"Limit\"]}}]"}}, {"model": "admin.logentry", "pk": 32, "fields": {"action_time": "2023-03-31T00:23:48.346Z", "user": 1, "content_type": 11, "object_id": "1", "object_repr": "Groceries: 250.0", "action_flag": 2, "change_message": "[{\"changed\": {\"fields\": [\"Limit\"]}}]"}}, {"model": "admin.logentry", "pk": 33, "fields": {"action_time": "2023-03-31T02:15:31.753Z", "user": 1, "content_type": 9, "object_id": "7", "object_repr": "Rent", "action_flag": 2, "change_message": "[]"}}, {"model": "admin.logentry", "pk": 34, "fields": {"action_time": "2023-03-31T02:32:19.676Z", "user": 1, "content_type": 10, "object_id": "2", "object_repr": "mickey", "action_flag": 2, "change_message": "[]"}}, {"model": "admin.logentry", "pk": 35, "fields": {"action_time": "2023-03-31T02:38:56.272Z", "user": 1, "content_type": 10, "object_id": "2", "object_repr": "mickey", "action_flag": 2, "change_message": "[{\"changed\": {\"fields\": [\"Budget total\"]}}]"}}, {"model": "admin.logentry", "pk": 36, "fields": {"action_time": "2023-04-01T15:24:49.797Z", "user": 1, "content_type": 10, "object_id": "3", "object_repr": "shoey", "action_flag": 1, "change_message": "[{\"added\": {}}]"}}, {"model": "admin.logentry", "pk": 37, "fields": {"action_time": "2023-04-01T15:28:09.492Z", "user": 1, "content_type": 10, "object_id": "3", "object_repr": "shoey", "action_flag": 3, "change_message": ""}}, {"model": "admin.logentry", "pk": 38, "fields": {"action_time": "2023-04-01T15:28:15.009Z", "user": 1, "content_type": 10, "object_id": "2", "object_repr": "mickey", "action_flag": 3, "change_message": ""}}, {"model": "admin.logentry", "pk": 39, "fields": {"action_time": "2023-04-01T15:28:47.645Z", "user": 1, "content_type": 10, "object_id": "4", "object_repr": "mickey", "action_flag": 1, "change_message": "[{\"added\": {}}]"}}, {"model": "admin.logentry", "pk": 40, "fields": {"action_time": "2023-04-01T15:29:12.453Z", "user": 1, "content_type": 10, "object_id": "4", "object_repr": "mickey", "action_flag": 2, "change_message": "[{\"changed\": {\"fields\": [\"Email address\"]}}]"}}, {"model": "admin.logentry", "pk": 41, "fields": {"action_time": "2023-04-01T15:35:04.717Z", "user": 1, "content_type": 10, "object_id": "4", "object_repr": "mickey", "action_flag": 2, "change_message": "[{\"changed\": {\"fields\": [\"Budget total\"]}}]"}}, {"model": "admin.logentry", "pk": 42, "fields": {"action_time": "2023-04-04T00:26:48.999Z", "user": 1, "content_type": 9, "object_id": "6", "object_repr": "Gas", "action_flag": 2, "change_message": "[{\"changed\": {\"fields\": [\"Category\"]}}]"}}, {"model": "admin.logentry", "pk": 43, "fields": {"action_time": "2023-04-04T00:26:53.312Z", "user": 1, "content_type": 9, "object_id": "7", "object_repr": "Rent", "action_flag": 2, "change_message": "[]"}}, {"model": "admin.logentry", "pk": 44, "fields": {"action_time": "2023-04-04T00:26:56.588Z", "user": 1, "content_type": 9, "object_id": "5", "object_repr": "La Croix", "action_flag": 2, "change_message": "[]"}}, {"model": "admin.logentry", "pk": 45, "fields": {"action_time": "2023-04-04T00:26:59.999Z", "user": 1, "content_type": 9, "object_id": "4", "object_repr": "Coffee", "action_flag": 2, "change_message": "[]"}}, {"model": "admin.logentry", "pk": 46, "fields": {"action_time": "2023-04-04T00:27:03.394Z", "user": 1, "content_type": 9, "object_id": "3", "object_repr": "Lil Bean", "action_flag": 2, "change_message": "[]"}}, {"model": "admin.logentry", "pk": 47, "fields": {"action_time": "2023-04-04T00:27:06.913Z", "user": 1, "content_type": 9, "object_id": "2", "object_repr": "Gas", "action_flag": 2, "change_message": "[]"}}, {"model": "admin.logentry", "pk": 48, "fields": {"action_time": "2023-04-04T00:27:09.922Z", "user": 1, "content_type": 9, "object_id": "1", "object_repr": "Commissary", "action_flag": 2, "change_message": "[]"}}, {"model": "admin.logentry", "pk": 49, "fields": {"action_time": "2023-04-10T23:41:00.507Z", "user": 1, "content_type": 8, "object_id": "12", "object_repr": "Eating out", "action_flag": 3, "change_message": ""}}, {"model": "admin.logentry", "pk": 50, "fields": {"action_time": "2023-04-10T23:41:04.641Z", "user": 1, "content_type": 8, "object_id": "11", "object_repr": "Eating out", "action_flag": 3, "change_message": ""}}, {"model": "admin.logentry", "pk": 51, "fields": {"action_time": "2023-04-10T23:41:07.846Z", "user": 1, "content_type": 8, "object_id": "10", "object_repr": "Eating out", "action_flag": 3, "change_message": ""}}, {"model": "admin.logentry", "pk": 52, "fields": {"action_time": "2023-04-10T23:41:11.295Z", "user": 1, "content_type": 8, "object_id": "9", "object_repr": "Eating out", "action_flag": 3, "change_message": ""}}, {"model": "admin.logentry", "pk": 53, "fields": {"action_time": "2023-04-10T23:43:58.597Z", "user": 1, "content_type": 11, "object_id": "9", "object_repr": "Eating out: 200.0", "action_flag": 3, "change_message": ""}}, {"model": "admin.logentry", "pk": 54, "fields": {"action_time": "2023-04-10T23:44:20.312Z", "user": 1, "content_type": 8, "object_id": "13", "object_repr": "Eating out", "action_flag": 3, "change_message": ""}}, {"model": "admin.logentry", "pk": 55, "fields": {"action_time": "2023-04-10T23:46:23.680Z", "user": 1, "content_type": 11, "object_id": "10", "object_repr": "Eating out: 200.0", "action_flag": 3, "change_message": ""}}, {"model": "admin.logentry", "pk": 56, "fields": {"action_time": "2023-04-10T23:48:22.131Z", "user": 1, "content_type": 8, "object_id": "14", "object_repr": "Eating out", "action_flag": 3, "change_message": ""}}, {"model": "auth.permission", "pk": 1, "fields": {"name": "Can add log entry", "content_type": 1, "codename": "add_logentry"}}, {"model": "auth.permission", "pk": 2, "fields": {"name": "Can change log entry", "content_type": 1, "codename": "change_logentry"}}, {"model": "auth.permission", "pk": 3, "fields": {"name": "Can delete log entry", "content_type": 1, "codename": "delete_logentry"}}, {"model": "auth.permission", "pk": 4, "fields": {"name": "Can view log entry", "content_type": 1, "codename": "view_logentry"}}, {"model": "auth.permission", "pk": 5, "fields": {"name": "Can add permission", "content_type": 2, "codename": "add_permission"}}, {"model": "auth.permission", "pk": 6, "fields": {"name": "Can change permission", "content_type": 2, "codename": "change_permission"}}, {"model": "auth.permission", "pk": 7, "fields": {"name": "Can delete permission", "content_type": 2, "codename": "delete_permission"}}, {"model": "auth.permission", "pk": 8, "fields": {"name": "Can view permission", "content_type": 2, "codename": "view_permission"}}, {"model": "auth.permission", "pk": 9, "fields": {"name": "Can add group", "content_type": 3, "codename": "add_group"}}, {"model": "auth.permission", "pk": 10, "fields": {"name": "Can change group", "content_type": 3, "codename": "change_group"}}, {"model": "auth.permission", "pk": 11, "fields": {"name": "Can delete group", "content_type": 3, "codename": "delete_group"}}, {"model": "auth.permission", "pk": 12, "fields": {"name": "Can view group", "content_type": 3, "codename": "view_group"}}, {"model": "auth.permission", "pk": 13, "fields": {"name": "Can add content type", "content_type": 4, "codename": "add_contenttype"}}, {"model": "auth.permission", "pk": 14, "fields": {"name": "Can change content type", "content_type": 4, "codename": "change_contenttype"}}, {"model": "auth.permission", "pk": 15, "fields": {"name": "Can delete content type", "content_type": 4, "codename": "delete_contenttype"}}, {"model": "auth.permission", "pk": 16, "fields": {"name": "Can view content type", "content_type": 4, "codename": "view_contenttype"}}, {"model": "auth.permission", "pk": 17, "fields": {"name": "Can add session", "content_type": 5, "codename": "add_session"}}, {"model": "auth.permission", "pk": 18, "fields": {"name": "Can change session", "content_type": 5, "codename": "change_session"}}, {"model": "auth.permission", "pk": 19, "fields": {"name": "Can delete session", "content_type": 5, "codename": "delete_session"}}, {"model": "auth.permission", "pk": 20, "fields": {"name": "Can view session", "content_type": 5, "codename": "view_session"}}, {"model": "auth.permission", "pk": 21, "fields": {"name": "Can add Token", "content_type": 6, "codename": "add_token"}}, {"model": "auth.permission", "pk": 22, "fields": {"name": "Can change Token", "content_type": 6, "codename": "change_token"}}, {"model": "auth.permission", "pk": 23, "fields": {"name": "Can delete Token", "content_type": 6, "codename": "delete_token"}}, {"model": "auth.permission", "pk": 24, "fields": {"name": "Can view Token", "content_type": 6, "codename": "view_token"}}, {"model": "auth.permission", "pk": 25, "fields": {"name": "Can add token", "content_type": 7, "codename": "add_tokenproxy"}}, {"model": "auth.permission", "pk": 26, "fields": {"name": "Can change token", "content_type": 7, "codename": "change_tokenproxy"}}, {"model": "auth.permission", "pk": 27, "fields": {"name": "Can delete token", "content_type": 7, "codename": "delete_tokenproxy"}}, {"model": "auth.permission", "pk": 28, "fields": {"name": "Can view token", "content_type": 7, "codename": "view_tokenproxy"}}, {"model": "auth.permission", "pk": 29, "fields": {"name": "Can add category", "content_type": 8, "codename": "add_category"}}, {"model": "auth.permission", "pk": 30, "fields": {"name": "Can change category", "content_type": 8, "codename": "change_category"}}, {"model": "auth.permission", "pk": 31, "fields": {"name": "Can delete category", "content_type": 8, "codename": "delete_category"}}, {"model": "auth.permission", "pk": 32, "fields": {"name": "Can view category", "content_type": 8, "codename": "view_category"}}, {"model": "auth.permission", "pk": 33, "fields": {"name": "Can add expense", "content_type": 9, "codename": "add_expense"}}, {"model": "auth.permission", "pk": 34, "fields": {"name": "Can change expense", "content_type": 9, "codename": "change_expense"}}, {"model": "auth.permission", "pk": 35, "fields": {"name": "Can delete expense", "content_type": 9, "codename": "delete_expense"}}, {"model": "auth.permission", "pk": 36, "fields": {"name": "Can view expense", "content_type": 9, "codename": "view_expense"}}, {"model": "auth.permission", "pk": 37, "fields": {"name": "Can add user", "content_type": 10, "codename": "add_user"}}, {"model": "auth.permission", "pk": 38, "fields": {"name": "Can change user", "content_type": 10, "codename": "change_user"}}, {"model": "auth.permission", "pk": 39, "fields": {"name": "Can delete user", "content_type": 10, "codename": "delete_user"}}, {"model": "auth.permission", "pk": 40, "fields": {"name": "Can view user", "content_type": 10, "codename": "view_user"}}, {"model": "auth.permission", "pk": 41, "fields": {"name": "Can add budget", "content_type": 11, "codename": "add_budget"}}, {"model": "auth.permission", "pk": 42, "fields": {"name": "Can change budget", "content_type": 11, "codename": "change_budget"}}, {"model": "auth.permission", "pk": 43, "fields": {"name": "Can delete budget", "content_type": 11, "codename": "delete_budget"}}, {"model": "auth.permission", "pk": 44, "fields": {"name": "Can view budget", "content_type": 11, "codename": "view_budget"}}, {"model": "contenttypes.contenttype", "pk": 1, "fields": {"app_label": "admin", "model": "logentry"}}, {"model": "contenttypes.contenttype", "pk": 2, "fields": {"app_label": "auth", "model": "permission"}}, {"model": "contenttypes.contenttype", "pk": 3, "fields": {"app_label": "auth", "model": "group"}}, {"model": "contenttypes.contenttype", "pk": 4, "fields": {"app_label": "contenttypes", "model": "contenttype"}}, {"model": "contenttypes.contenttype", "pk": 5, "fields": {"app_label": "sessions", "model": "session"}}, {"model": "contenttypes.contenttype", "pk": 6, "fields": {"app_label": "authtoken", "model": "token"}}, {"model": "contenttypes.contenttype", "pk": 7, "fields": {"app_label": "authtoken", "model": "tokenproxy"}}, {"model": "contenttypes.contenttype", "pk": 8, "fields": {"app_label": "shoe_app", "model": "category"}}, {"model": "contenttypes.contenttype", "pk": 9, "fields": {"app_label": "shoe_app", "model": "expense"}}, {"model": "contenttypes.contenttype", "pk": 10, "fields": {"app_label": "shoe_app", "model": "user"}}, {"model": "contenttypes.contenttype", "pk": 11, "fields": {"app_label": "shoe_app", "model": "budget"}}, {"model": "sessions.session", "pk": "bvfwrrvb9b5rqrb7notxudh06z08c1f7", "fields": {"session_data": ".eJxVjLsOwjAMAP8lM4qKU_JgZO83VLbjkAJKpKadEP-OInWA9e50bzXjvuV5b7LOS1RXdVanX0bITyldxAeWe9Vcy7YupHuiD9v0VKO8bkf7N8jYct-CxJCIhAhhBAeOjUkuAo4-BUPWOx9suAzeIrDF6IDdgGJGTmxI1OcL9W04ag:1pjqbs:z3FNaEOvOLkYMGawaxkgyz2dFEDpbHfynm_5c7j4iIA", "expire_date": "2023-04-19T00:02:44.844Z"}}, {"model": "sessions.session", "pk": "jip7lg8aujm56qhb4sblmqlyak2j9frn", "fields": {"session_data": ".eJxVjLsOwjAMAP8lM4qKU_JgZO83VLbjkAJKpKadEP-OInWA9e50bzXjvuV5b7LOS1RXdVanX0bITyldxAeWe9Vcy7YupHuiD9v0VKO8bkf7N8jYct-CxJCIhAhhBAeOjUkuAo4-BUPWOx9suAzeIrDF6IDdgGJGTmxI1OcL9W04ag:1plG1H:Hh59wZjaFQW8YBlHbR_GK8M_ouyajOXgiznE5r5-IMM", "expire_date": "2023-04-22T21:22:47.963Z"}}, {"model": "sessions.session", "pk": "k0wvv69mh5kltg3ev4imgq9kokzdkqp9", "fields": {"session_data": ".eJxVjLsOwjAMAP8lM4qKU_JgZO83VLbjkAJKpKadEP-OInWA9e50bzXjvuV5b7LOS1RXdVanX0bITyldxAeWe9Vcy7YupHuiD9v0VKO8bkf7N8jYct-CxJCIhAhhBAeOjUkuAo4-BUPWOx9suAzeIrDF6IDdgGJGTmxI1OcL9W04ag:1pmGqh:zgwB4JCCzS1OHdX5YqoqX9XOlmVVxyon_4Vm9YGQKnw", "expire_date": "2023-04-25T16:28:03.242Z"}}, {"model": "sessions.session", "pk": "oe7fz9rzzcb7aheqqyzar3n0tnxmllh4", "fields": {"session_data": ".eJxVjLsOwjAMAP8lM4qKU_JgZO83VLbjkAJKpKadEP-OInWA9e50bzXjvuV5b7LOS1RXdVanX0bITyldxAeWe9Vcy7YupHuiD9v0VKO8bkf7N8jYct-CxJCIhAhhBAeOjUkuAo4-BUPWOx9suAzeIrDF6IDdgGJGTmxI1OcL9W04ag:1pmHNc:57DTYxM9f8hV4cdrOL61uXweqbABecvJEMU4R5uHd_M", "expire_date": "2023-04-25T17:02:04.280Z"}}, {"model": "sessions.session", "pk": "qbt7vp91rksvpjgzf2lph5n7cfd442fh", "fields": {"session_data": ".eJxVjLsOwjAMAP8lM4qKU_JgZO83VLbjkAJKpKadEP-OInWA9e50bzXjvuV5b7LOS1RXdVanX0bITyldxAeWe9Vcy7YupHuiD9v0VKO8bkf7N8jYct-CxJCIhAhhBAeOjUkuAo4-BUPWOx9suAzeIrDF6IDdgGJGTmxI1OcL9W04ag:1phyin:AbRZope3Aou1bk0RV-rkGQhKTj_d3r4hC8ZNVZMWKhg", "expire_date": "2023-04-13T20:18:09.026Z"}}, {"model": "sessions.session", "pk": "xurqv2sboxr00jkakviospfauf1dxvnu", "fields": {"session_data": ".eJxVjLsOwjAMAP8lM4qKU_JgZO83VLbjkAJKpKadEP-OInWA9e50bzXjvuV5b7LOS1RXdVanX0bITyldxAeWe9Vcy7YupHuiD9v0VKO8bkf7N8jYct-CxJCIhAhhBAeOjUkuAo4-BUPWOx9suAzeIrDF6IDdgGJGTmxI1OcL9W04ag:1pm0xh:zpbWBaTbF9WRablGauhU_jKs0GbR1FuNkrPHPURYlJ4", "expire_date": "2023-04-24T23:30:13.824Z"}}, {"model": "sessions.session", "pk": "za3af5k5efaerchfdx9ln64ujwowe37e", "fields": {"session_data": ".eJxVjLsOwjAMAP8lM4qKU_JgZO83VLbjkAJKpKadEP-OInWA9e50bzXjvuV5b7LOS1RXdVanX0bITyldxAeWe9Vcy7YupHuiD9v0VKO8bkf7N8jYct-CxJCIhAhhBAeOjUkuAo4-BUPWOx9suAzeIrDF6IDdgGJGTmxI1OcL9W04ag:1plzGy:B-fWV-ZlaUkkL5dAt8dwge8CVIJGA-2BhDSOB94FlJo", "expire_date": "2023-04-24T21:42:00.661Z"}}, {"model": "authtoken.token", "pk": "6799ed18cbaafe94f3b34c01201492ad578b4476", "fields": {"user": 6, "created": "2023-04-08T21:42:41.564Z"}}, {"model": "authtoken.token", "pk": "7fb1475243d985284838b0a158a09445570ef8a9", "fields": {"user": 5, "created": "2023-04-08T21:24:37.576Z"}}, {"model": "authtoken.token", "pk": "cbd6cfcb7e77dcde5ce8df324f8039768b2dd8fe", "fields": {"user": 1, "created": "2023-03-30T20:17:43.169Z"}}, {"model": "authtoken.token", "pk": "dd75785cefe71c3bf3a6b0a53a1cc32f96b9b9ea", "fields": {"user": 4, "created": "2023-04-01T15:28:47.644Z"}}, {"model": "shoe_app.user", "pk": 1, "fields": {"password": "pbkdf2_sha256$390000$csUTl60OpxLH8csfoHkIqh$czQGrWB3LItNjVJGdbGFKB01r6F9bVc5v0orH/SuLfE=", "last_login": "2023-04-11T17:02:04.275Z", "is_superuser": true, "username": "admin", "first_name": "", "last_name": "", "email": "", "is_staff": true, "is_active": true, "date_joined": "2023-03-30T20:17:43Z", "budget_total": "2000.00", "groups": [], "user_permissions": []}}, {"model": "shoe_app.user", "pk": 4, "fields": {"password": "pbkdf2_sha256$390000$FY6EXSOJHarazjrUq0cHdF$bwsttlM86TBG0Go3XCrBT73pD8XJOL/Sg+wWGLibEJg=", "last_login": null, "is_superuser": false, "username": "mickey", "first_name": "", "last_name": "", "email": "mickey@email.com", "is_staff": false, "is_active": true, "date_joined": "2023-04-01T15:28:47Z", "budget_total": "2000.00", "groups": [], "user_permissions": []}}, {"model": "shoe_app.user", "pk": 5, "fields": {"password": "pbkdf2_sha256$390000$8X6p5Xeiy3J3cNBmTj3qwk$7AIf8rFyMKnqRL58PpUgZbx7p9qp8edbqYNZPPawtyU=", "last_login": null, "is_superuser": false, "username": "shoey", "first_name": "", "last_name": "", "email": "shoey@email.com", "is_staff": false, "is_active": true, "date_joined": "2023-04-08T21:24:37.371Z", "budget_total": "2000.00", "groups": [], "user_permissions": []}}, {"model": "shoe_app.user", "pk": 6, "fields": {"password": "pbkdf2_sha256$390000$Q0Q3UO3gJUSLJ5OjGXGEHu$eWAHLQzAec7NMwFQmaGuhozMA7J12cog8XKtsI76TMk=", "last_login": null, "is_superuser": false, "username": "guest", "first_name": "", "last_name": "", "email": "guest@email.com", "is_staff": false, "is_active": true, "date_joined": "2023-04-08T21:42:41.361Z", "budget_total": "0.00", "groups": [], "user_permissions": []}}, {"model": "shoe_app.category", "pk": 1, "fields": {"name": "Groceries", "user": 1}}, {"model": "shoe_app.category", "pk": 2, "fields": {"name": "Eating out", "user": 1}}, {"model": "shoe_app.category", "pk": 3, "fields": {"name": "Transportation", "user": 1}}, {"model": "shoe_app.category", "pk": 4, "fields": {"name": "Fun", "user": 1}}, {"model": "shoe_app.category", "pk": 5, "fields": {"name": "Bills", "user": 1}}, {"model": "shoe_app.category", "pk": 6, "fields": {"name": "Pets", "user": 1}}, {"model": "shoe_app.category", "pk": 7, "fields": {"name": "Lodging", "user": 1}}, {"model": "shoe_app.category", "pk": 8, "fields": {"name": "Eating out", "user": 1}}, {"model": "shoe_app.category", "pk": 15, "fields": {"name": "Eating out", "user": 5}}, {"model": "shoe_app.category", "pk": 16, "fields": {"name": "Groceries", "user": 5}}, {"model": "shoe_app.category", "pk": 18, "fields": {"name": "Gas", "user": 5}}, {"model": "shoe_app.category", "pk": 19, "fields": {"name": "Bills", "user": 5}}, {"model": "shoe_app.category", "pk": 20, "fields": {"name": "Lodging", "user": 5}}, {"model": "shoe_app.expense", "pk": 1, "fields": {"user": 1, "item_name": "Commissary", "category": 1, "date": "2023-03-26", "cost": "75.00", "description": "weekly run"}}, {"model": "shoe_app.expense", "pk": 2, "fields": {"user": 1, "item_name": "Gas", "category": 3, "date": "2023-03-28", "cost": "33.13", "description": "fill up at Circle K"}}, {"model": "shoe_app.expense", "pk": 3, "fields": {"user": 1, "item_name": "Lil Bean", "category": 2, "date": "2023-03-30", "cost": "4.35", "description": "coffee"}}, {"model": "shoe_app.expense", "pk": 4, "fields": {"user": 1, "item_name": "Coffee", "category": 1, "date": "2023-03-16", "cost": "10.59", "description": "ground coffee Bustello"}}, {"model": "shoe_app.expense", "pk": 5, "fields": {"user": 1, "item_name": "La Croix", "category": 1, "date": "2023-03-30", "cost": "4.23", "description": "eight pack"}}, {"model": "shoe_app.expense", "pk": 6, "fields": {"user": 1, "item_name": "Gas", "category": 3, "date": "2023-03-30", "cost": "34.50", "description": "mcx on base"}}, {"model": "shoe_app.expense", "pk": 7, "fields": {"user": 1, "item_name": "Rent", "category": 7, "date": "2023-03-31", "cost": "750.00", "description": "monthly rent"}}, {"model": "shoe_app.expense", "pk": 8, "fields": {"user": 1, "item_name": "Thai", "category": 2, "date": "2023-04-04", "cost": "10.56", "description": "dinner"}}, {"model": "shoe_app.expense", "pk": 9, "fields": {"user": 1, "item_name": "Food lion", "category": 1, "date": "2023-04-04", "cost": "25.76", "description": "food run"}}, {"model": "shoe_app.expense", "pk": 10, "fields": {"user": 1, "item_name": "Rent", "category": 7, "date": "2023-04-04", "cost": "750.00", "description": "monthly"}}, {"model": "shoe_app.expense", "pk": 11, "fields": {"user": 1, "item_name": "Chai tea", "category": 2, "date": "2023-04-04", "cost": "6.72", "description": "lunch at Lil Bean"}}, {"model": "shoe_app.expense", "pk": 12, "fields": {"user": 1, "item_name": "Lawn", "category": 5, "date": "2023-04-05", "cost": "60.00", "description": "none"}}, {"model": "shoe_app.expense", "pk": 13, "fields": {"user": 1, "item_name": "Wifi", "category": 5, "date": "2023-04-05", "cost": "50.00", "description": "spectrum"}}, {"model": "shoe_app.expense", "pk": 14, "fields": {"user": 1, "item_name": "Coffee", "category": 2, "date": "2023-04-05", "cost": "4.00", "description": "Lil bean"}}, {"model": "shoe_app.expense", "pk": 15, "fields": {"user": 1, "item_name": "Groceries", "category": 1, "date": "2023-04-05", "cost": "30.00", "description": "Food lion"}}, {"model": "shoe_app.expense", "pk": 16, "fields": {"user": 1, "item_name": "Water", "category": 5, "date": "2023-04-05", "cost": "20.00", "description": "water bill"}}, {"model": "shoe_app.expense", "pk": 17, "fields": {"user": 1, "item_name": "Power", "category": 5, "date": "2023-04-05", "cost": "70.04", "description": "monthly"}}, {"model": "shoe_app.expense", "pk": 18, "fields": {"user": 1, "item_name": "Gas", "category": 3, "date": "2023-04-05", "cost": "35.00", "description": "special k"}}, {"model": "shoe_app.expense", "pk": 19, "fields": {"user": 1, "item_name": "Litter", "category": 6, "date": "2023-04-05", "cost": "25.12", "description": "20lb"}}, {"model": "shoe_app.expense", "pk": 21, "fields": {"user": 1, "item_name": "Cheesecake", "category": 1, "date": "2023-04-09", "cost": "17.85", "description": "dessert"}}, {"model": "shoe_app.expense", "pk": 22, "fields": {"user": 1, "item_name": "Groceries", "category": 1, "date": "2023-04-09", "cost": "21.80", "description": "food lion"}}, {"model": "shoe_app.expense", "pk": 24, "fields": {"user": 1, "item_name": "Chips", "category": 1, "date": "2023-04-09", "cost": "4.50", "description": "snacks"}}, {"model": "shoe_app.expense", "pk": 25, "fields": {"user": 1, "item_name": "Coffee", "category": 2, "date": "2023-04-09", "cost": "3.82", "description": "cafe"}}, {"model": "shoe_app.expense", "pk": 26, "fields": {"user": 1, "item_name": "Dry cleaning", "category": 5, "date": "2023-04-07", "cost": "10.00", "description": "cleaning uniforms"}}, {"model": "shoe_app.expense", "pk": 27, "fields": {"user": 1, "item_name": "Coffee", "category": 1, "date": "2023-04-10", "cost": "4.67", "description": "coffee ground, and creamer"}}, {"model": "shoe_app.expense", "pk": 28, "fields": {"user": 1, "item_name": "Cat food", "category": 6, "date": "2023-04-10", "cost": "35.56", "description": "purina"}}, {"model": "shoe_app.expense", "pk": 29, "fields": {"user": 1, "item_name": "Gas", "category": 3, "date": "2023-04-10", "cost": "35.00", "description": "on base"}}, {"model": "shoe_app.expense", "pk": 30, "fields": {"user": 1, "item_name": "Groceries", "category": 1, "date": "2023-04-10", "cost": "15.68", "description": "food lion"}}, {"model": "shoe_app.expense", "pk": 31, "fields": {"user": 1, "item_name": "Gas", "category": 3, "date": "2023-04-06", "cost": "33.00", "description": "special k"}}, {"model": "shoe_app.expense", "pk": 32, "fields": {"user": 5, "item_name": "Coffee", "category": 15, "date": "2023-04-11", "cost": "5.00", "description": "cafe"}}, {"model": "shoe_app.budget", "pk": 1, "fields": {"user": 1, "category": 1, "limit": 250.0}}, {"model": "shoe_app.budget", "pk": 2, "fields": {"user": 1, "category": 2, "limit": 250.0}}, {"model": "shoe_app.budget", "pk": 3, "fields": {"user": 1, "category": 3, "limit": 75.0}}, {"model": "shoe_app.budget", "pk": 4, "fields": {"user": 1, "category": 4, "limit": 150.0}}, {"model": "shoe_app.budget", "pk": 5, "fields": {"user": 1, "category": 5, "limit": 200.0}}, {"model": "shoe_app.budget", "pk": 6, "fields": {"user": 1, "category": 6, "limit": 50.0}}, {"model": "shoe_app.budget", "pk": 7, "fields": {"user": 1, "category": 7, "limit": 1000.0}}, {"model": "shoe_app.budget", "pk": 11, "fields": {"user": 5, "category": 15, "limit": 200.0}}, {"model": "shoe_app.budget", "pk": 12, "fields": {"user": 5, "category": 16, "limit": 200.0}}, {"model": "shoe_app.budget", "pk": 14, "fields": {"user": 5, "category": 18, "limit": 100.0}}, {"model": "shoe_app.budget", "pk": 15, "fields": {"user": 5, "category": 19, "limit": 300.0}}, {"model": "shoe_app.budget", "pk": 16, "fields": {"user": 5, "category": 20, "limit": 1000.0}}]